Date,site_temp_min,site_temp_max,site_temp_WMO,site_temp_USGS,Barom,RelHum,WindGustSpeed,WindSpeed,RadiationIn,WindDir
2014/07/27,4.6,6.8,5.7,5.8,100.9,95.9,5.7,3.0,nan,nan
2014/07/28,5.5,8.4,6.9,6.6,100.9,93.0,2.3,0.6,nan,130
2014/07/29,4.1,7.1,5.6,5.9,100.7,97.3,4.5,2.0,nan,109
2014/07/30,3.5,7.3,5.4,5.1,101.3,92.4,2.1,0.8,nan,nan
2014/07/31,4.9,12.3,8.6,8.3,101.5,66.1,3.5,1.7,nan,nan
2014/08/01,9.5,14.7,12.1,11.1,101.4,56.4,1.9,0.8,nan,333
2014/08/02,9.4,15.1,12.3,11.9,101.1,45.7,2.6,1.2,nan,nan
2014/08/03,10.3,14.2,12.3,11.8,101.1,63.7,2.1,0.9,nan,nan
2014/08/04,7.2,11.7,9.4,9.6,100.8,85.0,4.1,2.0,nan,nan
2014/08/05,5.6,8.8,7.2,7.5,100.7,84.6,3.4,1.8,nan,nan
2014/08/06,4.1,6.7,5.4,5.2,100.9,94.8,1.8,0.7,nan,nan
2014/08/07,3.6,7.8,5.7,5.5,100.7,86.2,1.6,0.4,nan,91
2014/08/08,4.6,5.7,5.2,5.1,100.7,93.9,4.7,2.6,nan,nan
2014/08/09,4.8,6.0,5.4,5.4,100.5,96.0,8.7,5.4,nan,nan
2014/08/10,4.7,8.5,6.6,6.9,100.5,99.8,5.9,3.5,nan,nan
2014/08/11,4.9,10.7,7.8,5.7,100.7,99.6,4.3,2.2,nan,nan
2014/08/12,8.2,11.1,9.6,9.4,100.5,92.9,5.9,3.1,nan,nan
2014/08/13,5.9,8.5,7.2,6.9,100.6,95.3,5.1,3.1,nan,nan
2014/08/14,6.1,9.1,7.6,7.1,100.8,99.3,6.2,3.7,nan,nan
2014/08/15,5.6,9.5,7.6,8.0,100.6,94.7,6.4,3.3,nan,nan
2014/08/16,4.6,6.8,5.7,5.6,101.0,90.5,3.9,2.0,nan,nan
2014/08/17,3.9,6.4,5.1,5.2,100.6,99.9,10.6,6.7,nan,nan
2014/08/18,4.4,5.7,5.1,4.9,100.5,99.2,3.3,1.2,nan,nan
2014/08/19,4.0,6.7,5.3,5.1,100.6,91.6,5.4,3.2,nan,nan
2014/08/20,5.8,12.8,9.3,9.6,100.7,63.2,4.1,1.5,nan,46
2014/08/21,9.4,13.6,11.5,11.4,101.2,56.5,4.7,1.7,nan,15
2014/08/22,9.5,13.4,11.4,11.6,101.4,61.3,1.3,0.4,nan,126
2014/08/23,5.9,11.2,8.5,8.5,101.2,71.5,4.1,1.5,nan,72
2014/08/24,5.4,9.4,7.4,7.0,100.8,86.1,5.4,3.3,nan,nan
2014/08/25,5.0,7.6,6.3,6.5,100.4,99.0,4.9,2.7,nan,nan
2014/08/26,3.0,5.0,4.0,3.8,100.4,94.3,3.3,1.3,nan,nan
2014/08/27,3.2,5.8,4.5,4.4,100.8,92.9,2.0,0.7,nan,nan
2014/08/28,3.5,4.7,4.1,4.1,100.5,94.9,4.1,1.9,nan,nan
2014/08/29,2.8,5.1,4.0,4.0,99.6,92.9,3.6,1.8,nan,nan
2014/08/30,2.7,4.5,3.6,3.7,99.6,98.3,2.3,1.0,nan,nan
2014/08/31,2.6,3.9,3.2,3.1,99.8,96.8,4.0,2.0,nan,nan
2014/09/01,2.9,4.8,3.8,3.8,99.9,96.3,2.3,0.9,nan,124
2014/09/02,2.0,5.0,3.5,3.6,100.6,85.5,3.5,1.7,nan,nan
2014/09/03,3.5,4.9,4.2,4.2,100.8,100.0,3.5,1.9,nan,nan
2014/09/04,3.9,4.5,4.2,4.2,101.1,100.0,4.4,2.6,nan,nan
2014/09/05,4.3,6.0,5.2,5.4,100.9,100.0,9.8,6.2,nan,nan
2014/09/06,3.3,5.3,4.3,4.3,100.6,99.8,6.4,3.8,nan,nan
2014/09/07,3.5,5.7,4.6,5.0,100.3,90.0,5.9,2.3,nan,33
2014/09/08,-0.9,3.4,1.2,1.0,100.8,75.1,7.0,3.7,nan,nan
2014/09/09,-0.9,6.1,2.6,3.0,101.3,49.8,3.9,1.2,nan,180
2014/09/10,2.5,6.0,4.2,5.0,101.4,57.1,3.7,2.1,nan,nan
2014/09/11,2.4,4.6,3.5,3.3,101.4,98.9,3.9,2.1,nan,nan
2014/09/12,3.8,6.1,5.0,4.8,101.5,89.8,2.0,0.9,nan,nan
2014/09/13,4.8,8.1,6.4,6.0,101.0,92.0,3.0,1.5,nan,nan
2014/09/14,5.1,12.4,8.8,8.8,100.8,72.5,1.8,0.6,nan,347
2014/09/15,7.8,9.6,8.7,8.8,100.5,72.6,4.9,2.8,nan,nan
2014/09/16,5.5,7.8,6.7,6.3,100.3,87.3,3.0,1.4,nan,nan
2014/09/17,4.2,5.7,5.0,4.9,99.8,82.6,3.8,1.9,nan,nan
2014/09/18,2.3,4.9,3.6,3.9,98.8,93.4,7.9,4.1,nan,nan
2014/09/19,2.3,3.9,3.1,3.1,99.5,99.7,10.4,6.5,nan,nan
2014/09/20,0.6,5.5,3.1,3.3,99.8,99.0,6.8,3.6,nan,nan
2014/09/21,1.8,8.4,5.1,4.6,99.2,97.4,10.5,5.8,nan,nan
2014/09/22,0.4,3.2,1.8,1.4,99.8,98.6,6.4,3.3,nan,nan
2014/09/23,0.7,7.1,3.9,3.5,100.1,82.1,4.4,1.7,nan,nan
2014/09/24,5.2,6.4,5.8,5.7,99.6,56.6,11.9,4.7,nan,nan
2014/09/25,0.8,5.2,3.0,2.9,100.2,81.7,7.2,2.6,nan,23
2014/09/26,1.7,5.2,3.5,3.3,100.4,89.1,2.2,0.9,nan,321
2014/09/27,3.5,4.9,4.2,4.3,100.1,96.5,4.9,2.5,nan,nan
2014/09/28,2.8,5.0,3.9,3.5,99.4,98.4,6.1,3.1,nan,nan
2014/09/29,1.8,3.8,2.8,2.5,99.7,95.4,2.9,1.2,nan,105
2014/09/30,-2.8,2.2,-0.3,-0.0,99.9,94.9,8.0,4.0,nan,134
2014/10/01,-3.8,-1.9,-2.8,-2.9,101.0,56.4,11.0,4.3,nan,nan
2014/10/02,-4.2,-2.6,-3.4,-3.4,100.7,67.9,2.3,0.7,nan,nan
2014/10/03,-2.8,3.9,0.5,1.6,99.1,99.6,10.2,6.2,nan,nan
2014/10/04,0.5,3.7,2.1,2.1,100.0,98.1,8.9,5.6,nan,nan
2014/10/05,-0.8,2.5,0.9,1.4,99.6,97.9,12.1,7.3,nan,nan
2014/10/06,-2.7,-0.9,-1.8,-2.2,100.3,96.4,7.8,4.3,nan,nan
2014/10/07,-3.9,-1.2,-2.6,-2.8,100.4,98.4,1.3,nan,nan,nan
2014/10/08,-3.7,-1.1,-2.4,-2.9,100.3,98.2,1.3,nan,nan,nan
2014/10/09,-3.4,4.9,0.8,0.9,99.6,96.6,8.0,4.5,nan,nan
2014/10/10,1.6,5.0,3.3,3.0,98.7,99.6,14.1,8.2,nan,nan
2014/10/11,0.5,2.6,1.6,1.8,99.1,99.1,10.0,6.2,nan,nan
2014/10/12,-0.2,3.3,1.6,1.3,99.5,96.7,7.4,4.5,nan,nan
2014/10/13,-0.2,4.7,2.3,2.1,98.8,85.1,10.9,4.5,nan,nan
2014/10/14,-0.4,1.8,0.7,0.8,99.0,73.7,4.7,1.9,nan,110
2014/10/15,-0.8,1.8,0.5,0.4,99.0,83.7,6.7,2.8,nan,69
2014/10/16,-1.1,0.9,-0.1,-0.3,99.4,93.5,3.9,1.4,nan,140
2014/10/17,-0.7,1.7,0.5,0.7,98.8,76.8,11.7,5.8,nan,nan
2014/10/18,-1.7,1.5,-0.1,-0.4,98.5,96.1,7.4,3.7,nan,nan
2014/10/19,-0.9,4.2,1.6,1.1,98.2,92.0,10.5,5.7,nan,nan
2014/10/20,-1.4,0.0,-0.7,-0.5,98.4,100.0,6.5,3.7,nan,nan
2014/10/21,-2.0,2.7,0.4,-0.0,98.4,84.2,9.5,4.8,nan,101
2014/10/22,-1.3,3.0,0.9,-0.0,98.5,88.1,8.1,4.4,nan,nan
2014/10/23,-2.2,1.5,-0.3,-0.2,99.2,79.0,4.4,nan,nan,nan
2014/10/24,-2.6,-0.7,-1.7,-1.7,100.0,96.6,2.7,1.2,nan,nan
2014/10/25,-1.7,3.1,0.7,0.0,99.8,77.4,1.7,nan,nan,nan
2014/10/26,-3.0,-1.0,-2.0,-2.4,99.9,87.4,3.4,1.8,nan,nan
2014/10/27,-2.7,-1.6,-2.1,-2.3,100.0,86.0,8.7,3.7,nan,nan
2014/10/28,-3.9,-2.3,-3.1,-3.0,99.1,76.8,15.7,6.8,nan,nan
2014/10/29,-3.9,0.3,-1.8,-2.5,99.7,95.1,4.1,nan,nan,nan
2014/10/30,-3.1,1.9,-0.6,-1.3,99.0,87.2,6.7,3.1,nan,nan
2014/10/31,-4.1,-3.1,-3.6,-3.5,98.8,98.2,10.0,6.9,nan,nan
2014/11/01,-3.3,-2.0,-2.7,-2.5,98.7,98.9,11.3,7.5,nan,nan
2014/11/02,-2.7,-1.8,-2.2,-2.3,99.2,98.9,10.2,7.2,nan,nan
2014/11/03,-4.3,-2.6,-3.4,-3.3,99.2,93.7,11.9,nan,nan,nan
2014/11/04,-4.3,-2.7,-3.5,-3.2,99.2,97.4,11.4,7.5,nan,nan
2014/11/05,-4.0,-2.2,-3.1,-3.0,99.3,92.6,14.9,7.8,nan,nan
2014/11/06,-5.0,-2.7,-3.8,-3.9,99.4,97.8,5.3,3.1,nan,124
2014/11/07,-3.8,-2.3,-3.1,-3.2,100.4,98.1,5.1,2.9,nan,124
2014/11/08,-3.1,-1.7,-2.4,-2.2,100.4,99.0,5.8,3.7,nan,nan
2014/11/09,-6.2,-3.0,-4.6,-4.7,100.9,94.8,3.1,1.6,nan,nan
2014/11/10,-5.7,-2.8,-4.3,-3.9,101.3,89.0,2.8,0.9,nan,89
2014/11/11,-7.2,-4.5,-5.8,-6.1,101.6,69.6,2.4,1.2,nan,nan
2014/11/12,-6.6,-3.4,-5.0,-5.1,101.4,50.6,2.4,1.0,nan,nan
2014/11/13,-4.3,1.5,-1.4,-1.7,101.0,30.7,2.0,0.7,nan,351
2014/11/14,-2.8,1.5,-0.7,-0.7,101.3,27.0,1.4,0.5,nan,59
2014/11/15,0.2,4.4,2.3,1.9,101.6,16.4,1.3,0.4,nan,45
2014/11/16,-4.3,2.8,-0.8,0.4,101.7,34.5,3.0,1.1,nan,111
2014/11/17,-3.2,0.1,-1.6,-2.0,101.3,91.8,1.7,0.6,nan,2
2014/11/18,-2.5,0.1,-1.2,-1.2,100.4,80.6,3.0,1.5,nan,nan
2014/11/19,-1.2,0.6,-0.3,-0.1,99.9,99.1,4.6,2.9,nan,nan
2014/11/20,-1.8,-0.5,-1.1,-1.2,99.2,79.6,7.0,3.7,nan,nan
2014/11/21,-3.4,-0.9,-2.2,-2.8,98.1,96.0,6.5,3.3,nan,nan
2014/11/22,-3.8,-2.9,-3.3,-3.4,98.4,98.2,6.9,4.6,nan,nan
2014/11/23,-4.3,-3.4,-3.8,-3.8,99.4,98.0,0.0,nan,nan,nan
2014/11/24,-4.8,-3.5,-4.2,-4.1,99.7,97.9,0.0,nan,nan,nan
2014/11/25,-5.4,-2.2,-3.8,-4.0,100.7,97.9,0.0,nan,nan,nan
2014/11/26,-8.9,-5.4,-7.1,-6.8,100.7,88.3,7.6,nan,nan,nan
2014/11/27,-15.8,-9.0,-12.4,-13.3,100.6,63.0,16.3,4.6,nan,83
2014/11/28,-16.2,-12.8,-14.5,-14.9,100.8,37.3,8.5,2.6,nan,110
2014/11/29,-15.2,-10.4,-12.8,-12.2,100.5,33.7,1.2,0.2,nan,358
2014/11/30,-12.3,-8.6,-10.5,-10.3,100.1,92.0,2.2,0.6,nan,134
2014/12/01,-12.8,-10.7,-11.8,-11.9,100.2,66.6,2.5,0.5,nan,104
2014/12/02,-11.6,-3.4,-7.5,-6.3,100.1,96.3,8.3,5.7,nan,nan
2014/12/03,-8.3,-3.3,-5.8,-5.5,100.1,96.6,4.0,2.0,nan,128
2014/12/04,-8.9,-3.4,-6.1,-6.3,100.3,70.8,1.7,0.4,nan,77
2014/12/05,-5.5,-1.8,-3.6,-3.5,99.9,21.1,1.8,0.5,nan,101
2014/12/06,-8.2,-3.6,-5.9,-5.8,99.5,76.1,3.0,1.2,nan,nan
2014/12/07,-3.5,-0.2,-1.9,-1.7,99.8,94.1,4.9,2.2,nan,nan
2014/12/08,-2.6,0.8,-0.9,-1.1,98.4,97.9,8.3,4.6,nan,nan
2014/12/09,-1.9,-0.4,-1.2,-1.0,97.3,98.7,9.6,5.3,nan,nan
2014/12/10,-3.8,-0.0,-1.9,-1.8,97.6,86.5,11.2,6.5,nan,nan
2014/12/11,-3.5,-1.4,-2.5,-2.7,97.8,96.9,2.9,1.0,nan,238
2014/12/12,-3.6,-3.0,-3.3,-3.3,98.9,98.4,5.1,3.3,nan,nan
2014/12/13,-3.8,-2.9,-3.4,-3.2,100.3,98.3,7.0,4.6,nan,nan
2014/12/14,-3.9,-2.7,-3.3,-3.3,100.2,97.3,4.4,1.8,nan,nan
2014/12/15,-3.8,-1.1,-2.5,-2.6,99.4,92.1,6.1,3.2,nan,nan
2014/12/16,-5.5,-3.0,-4.2,-4.3,99.2,97.6,4.6,2.3,nan,nan
2014/12/17,-6.8,-4.6,-5.7,-5.6,99.6,95.0,2.8,1.5,nan,119
2014/12/18,-7.3,-4.4,-5.8,-5.7,99.0,78.5,5.8,1.8,nan,271
2014/12/19,-8.1,-5.9,-7.0,-6.9,98.5,94.8,3.3,1.2,nan,294
2014/12/20,-6.3,-1.6,-4.0,-3.8,97.8,88.2,8.2,3.6,nan,nan
2014/12/21,-5.2,-3.7,-4.4,-4.5,98.6,97.5,0.3,nan,nan,nan
2014/12/22,-5.3,-3.5,-4.4,-4.0,100.2,97.7,5.3,3.7,nan,nan
2014/12/23,-6.2,-5.1,-5.6,-5.5,99.2,75.6,16.5,8.1,nan,56
2014/12/24,-8.2,-5.1,-6.7,-7.2,99.7,79.5,2.7,0.8,nan,91
2014/12/25,-6.4,-3.9,-5.1,-4.9,100.2,97.2,3.6,2.4,nan,nan
2014/12/26,-5.2,-3.8,-4.5,-4.3,100.5,97.5,0.2,nan,nan,nan
2014/12/27,-7.4,-5.3,-6.3,-6.2,101.0,65.4,9.1,nan,nan,nan
2014/12/28,-12.1,-7.3,-9.7,-9.6,102.3,49.9,11.4,3.8,nan,56
2014/12/29,-11.6,-4.6,-8.1,-7.3,102.6,26.7,2.4,0.9,nan,nan
2014/12/30,-7.4,-4.7,-6.0,-6.3,102.4,59.4,4.2,2.3,nan,107
2014/12/31,-5.4,-3.0,-4.2,-3.8,101.7,97.8,3.5,nan,nan,nan
2015/01/01,-3.3,-1.8,-2.5,-2.5,99.8,97.2,8.5,nan,nan,nan
2015/01/02,-18.0,-2.9,-10.4,-12.6,100.6,63.9,20.0,6.1,nan,nan
2015/01/03,-18.0,-15.3,-16.7,-16.7,101.6,49.6,24.3,10.2,nan,nan
2015/01/04,-15.8,-10.7,-13.3,-13.6,100.7,39.2,22.9,10.9,nan,nan
2015/01/05,-10.8,-8.7,-9.7,-9.5,100.6,29.6,14.5,4.7,nan,nan
2015/01/06,-12.7,-10.6,-11.6,-11.8,100.8,79.0,10.1,4.5,nan,nan
2015/01/07,-11.8,-8.5,-10.1,-10.5,101.2,93.3,4.2,2.4,nan,nan
2015/01/08,-11.1,-6.9,-9.0,-9.1,101.4,94.2,4.4,2.1,nan,nan
2015/01/09,-7.6,-0.1,-3.8,-3.7,100.3,95.8,2.5,0.8,nan,nan
2015/01/10,-1.9,-1.0,-1.5,-1.5,100.5,99.1,1.2,nan,nan,nan
2015/01/11,-2.9,-1.8,-2.4,-2.3,100.6,98.7,2.9,nan,nan,nan
2015/01/12,-3.3,-1.0,-2.1,-2.2,100.5,98.9,7.1,4.2,nan,nan
2015/01/13,-0.9,-0.2,-0.6,-0.6,100.3,99.8,10.6,7.3,nan,nan
2015/01/14,-0.9,0.1,-0.4,-0.5,100.1,100.0,6.9,4.6,nan,nan
2015/01/15,-2.3,-0.6,-1.5,-1.3,98.5,99.7,11.5,7.5,nan,nan
2015/01/16,-4.1,-1.8,-2.9,-2.9,98.9,98.5,12.5,8.3,nan,nan
2015/01/17,-2.8,-1.6,-2.2,-2.2,98.8,99.1,11.8,8.0,nan,nan
2015/01/18,-3.7,-2.1,-2.9,-3.2,98.8,98.3,1.1,nan,nan,nan
2015/01/19,-3.5,-2.7,-3.1,-3.1,99.9,98.4,6.1,nan,nan,nan
2015/01/20,-3.7,-1.4,-2.5,-2.5,99.6,98.8,13.1,9.1,nan,nan
2015/01/21,-1.8,-0.3,-1.1,-0.8,98.5,99.8,13.4,9.3,nan,nan
2015/01/22,-1.6,-0.3,-1.0,-0.6,99.2,100.0,13.5,9.2,nan,nan
2015/01/23,-2.3,-0.9,-1.6,-1.4,99.1,99.8,12.4,8.8,nan,nan
2015/01/24,-2.5,-1.5,-2.0,-2.2,99.1,99.1,4.9,nan,nan,nan
2015/01/25,-7.1,-2.2,-4.6,-3.5,99.1,98.3,0.0,nan,nan,nan
2015/01/26,-10.9,-5.0,-8.0,-7.9,99.9,95.0,0.0,nan,nan,nan
2015/01/27,-12.7,-9.0,-10.9,-11.0,100.1,93.1,0.0,nan,nan,nan
2015/01/28,-9.0,-4.7,-6.9,-7.5,100.6,95.9,0.0,nan,nan,nan
2015/01/29,-5.3,-2.9,-4.1,-3.4,100.7,98.2,0.0,nan,nan,nan
2015/01/30,-8.8,-2.1,-5.5,-6.4,101.4,95.4,0.0,nan,nan,nan
2015/01/31,-12.4,-6.5,-9.5,-8.7,101.5,65.3,7.3,nan,nan,nan
2015/02/01,-13.9,-6.5,-10.2,-10.3,100.6,49.7,17.2,5.0,nan,nan
2015/02/02,-14.0,-9.6,-11.8,-12.3,100.3,39.4,15.0,5.5,nan,nan
2015/02/03,-14.3,-7.2,-10.7,-10.6,100.3,50.0,2.3,0.9,nan,nan
2015/02/04,-12.6,-6.9,-9.8,-9.3,100.2,73.5,5.3,2.0,nan,nan
2015/02/05,-21.0,-10.4,-15.7,-16.8,99.0,58.4,28.9,12.2,nan,nan
2015/02/06,-25.5,-21.1,-23.3,-24.6,97.7,70.6,23.7,9.3,nan,nan
2015/02/07,-26.2,-22.3,-24.2,-24.6,98.6,75.0,6.5,2.7,nan,nan
2015/02/08,-24.4,-11.2,-17.8,-20.7,99.7,85.0,2.7,0.5,nan,nan
2015/02/09,-11.3,-2.8,-7.0,-7.8,100.2,94.5,0.7,nan,nan,nan
2015/02/10,-10.3,-7.3,-8.8,-8.6,100.6,69.7,1.3,nan,nan,nan
2015/02/11,-10.7,-1.3,-6.0,-5.0,99.8,96.2,6.4,3.7,nan,nan
2015/02/12,-1.3,-0.1,-0.7,-0.6,99.8,99.8,5.1,2.7,nan,nan
2015/02/13,-2.0,1.3,-0.3,-0.7,99.7,98.3,12.5,7.4,nan,nan
2015/02/14,-3.2,-1.7,-2.4,-2.4,100.8,99.0,9.7,7.0,nan,nan
2015/02/15,-5.7,-2.2,-3.9,-3.9,101.7,97.6,1.8,nan,nan,nan
2015/02/16,-5.0,1.3,-1.8,-2.0,101.5,91.7,4.2,nan,nan,nan
2015/02/17,-2.0,0.9,-0.6,-1.2,100.7,89.9,9.1,6.1,441.4,nan
2015/02/18,-2.1,2.5,0.2,-0.0,100.1,73.8,6.2,3.1,nan,nan
2015/02/19,-3.9,-1.9,-2.9,-2.8,100.6,98.3,3.6,2.2,nan,nan
2015/02/20,-5.5,0.2,-2.7,-3.0,101.5,85.2,1.7,0.5,nan,nan
2015/02/21,-2.8,0.3,-1.2,-1.4,101.7,61.7,5.1,3.1,nan,nan
2015/02/22,-2.6,-0.6,-1.6,-1.5,101.6,99.2,8.6,6.0,nan,nan
2015/02/23,-3.2,-0.5,-1.9,-1.8,101.1,99.3,4.9,3.7,nan,nan
2015/02/24,-5.1,-0.9,-3.0,-3.4,101.4,97.5,0.4,nan,nan,nan
2015/02/25,-6.1,-2.0,-4.0,-5.1,101.2,94.6,2.1,0.6,nan,nan
2015/02/26,-5.3,-3.5,-4.4,-4.5,101.3,61.5,12.7,5.3,nan,nan
2015/02/27,-5.2,0.9,-2.1,-1.2,101.6,32.1,5.3,1.9,nan,nan
2015/02/28,-6.4,0.1,-3.1,-1.9,101.3,46.0,2.2,0.8,nan,nan
2015/03/01,-6.3,-1.7,-4.0,-3.5,101.4,52.5,9.4,3.3,nan,nan
2015/03/02,-5.7,-2.5,-4.1,-4.4,101.5,19.0,4.0,1.5,nan,nan
2015/03/03,-5.8,-3.0,-4.4,-4.6,101.1,57.0,2.4,1.0,nan,nan
2015/03/04,-5.1,-3.5,-4.3,-4.0,100.6,97.9,5.0,3.4,nan,nan
2015/03/05,-4.9,-2.1,-3.5,-3.6,100.1,97.8,3.2,nan,nan,nan
2015/03/06,-5.1,-1.0,-3.0,-3.8,101.2,97.9,4.0,2.4,nan,nan
2015/03/07,-5.4,-1.8,-3.6,-3.8,101.0,97.8,8.9,6.4,nan,nan
2015/03/08,-7.0,-1.3,-4.1,-3.2,99.9,98.0,10.5,7.6,nan,nan
2015/03/09,-9.8,-7.0,-8.4,-8.7,99.9,94.6,9.6,5.6,nan,nan
2015/03/10,-11.8,-2.2,-7.0,-8.1,99.9,94.7,7.0,4.1,nan,nan
2015/03/11,-14.2,-10.2,-12.2,-11.8,99.2,82.2,6.8,3.1,nan,nan
2015/03/12,-12.4,-2.1,-7.3,-5.4,98.7,96.7,13.1,8.5,nan,nan
2015/03/13,-11.0,-1.7,-6.4,-5.4,98.7,96.7,13.3,8.4,nan,nan
2015/03/14,-13.6,-9.4,-11.5,-11.6,99.0,91.5,7.5,4.3,nan,nan
2015/03/15,-11.2,-7.5,-9.4,-9.4,100.2,93.7,8.2,5.0,nan,nan
2015/03/16,-10.0,-1.2,-5.6,-5.6,100.9,69.1,3.1,1.3,nan,nan
2015/03/17,-3.3,2.1,-0.6,-0.9,100.5,60.0,4.1,2.0,nan,nan
2015/03/18,-3.4,0.7,-1.3,-1.5,100.4,86.9,3.8,1.6,nan,nan
2015/03/19,-2.6,2.9,0.1,-1.2,100.2,86.1,3.0,1.3,nan,nan
2015/03/20,-3.4,-0.8,-2.1,-1.7,99.5,70.4,15.4,8.1,nan,nan
2015/03/21,-4.7,-3.1,-3.9,-3.9,100.0,97.6,10.7,6.7,nan,nan
2015/03/22,-5.5,0.4,-2.5,-3.2,100.4,87.0,1.9,0.6,nan,nan
2015/03/23,-3.8,1.2,-1.3,-1.8,100.1,54.6,2.2,0.5,nan,nan
2015/03/24,-5.6,1.4,-2.1,-2.5,100.3,61.9,0.3,nan,nan,nan
2015/03/25,-4.3,0.9,-1.7,-2.8,99.9,65.1,6.7,2.9,nan,nan
2015/03/26,-3.5,-1.2,-2.3,-2.0,87.2,98.7,10.2,6.4,nan,nan
2015/03/27,-4.3,-1.4,-2.8,-2.9,94.9,98.2,6.5,4.5,nan,nan
2015/03/28,-5.4,-3.3,-4.4,-4.3,99.5,95.6,7.2,4.3,nan,nan
2015/03/29,-3.6,-1.7,-2.6,-2.3,99.4,98.6,10.3,6.8,nan,nan
2015/03/30,-4.2,0.8,-1.7,-2.3,98.2,83.9,11.0,6.1,nan,nan
2015/03/31,-4.3,-2.9,-3.6,-3.5,99.5,97.8,6.6,4.4,nan,nan
2015/04/01,-4.3,-1.9,-3.1,-3.2,100.3,97.8,8.3,5.4,nan,nan
2015/04/02,-4.7,-0.5,-2.6,-3.0,100.5,91.0,8.1,5.7,nan,nan
2015/04/03,-2.8,-0.3,-1.6,-0.9,100.3,67.4,8.4,4.6,nan,nan
2015/04/04,-4.0,4.6,0.3,-0.6,100.4,71.2,2.2,0.8,nan,nan
2015/04/05,-3.8,0.2,-1.8,-2.3,100.2,68.2,3.9,2.1,nan,nan
2015/04/06,-4.5,-2.9,-3.7,-3.4,100.0,89.5,4.6,2.6,nan,nan
2015/04/07,-3.7,-2.5,-3.1,-3.1,99.9,97.8,9.4,6.5,nan,nan
2015/04/08,-2.9,-2.0,-2.5,-2.4,99.8,98.5,13.9,9.5,nan,nan
2015/04/09,-3.3,-0.9,-2.1,-2.0,99.1,98.9,15.5,10.4,nan,nan
2015/04/10,-5.8,-1.6,-3.7,-3.6,98.3,98.0,12.7,8.4,nan,nan
2015/04/11,-6.6,-4.8,-5.7,-5.6,98.4,96.5,10.6,7.1,nan,nan
2015/04/12,-7.5,-5.0,-6.2,-5.8,99.2,96.3,11.0,7.3,nan,nan
2015/04/13,-8.5,-3.2,-5.9,-5.8,99.0,87.2,6.2,2.9,nan,nan
2015/04/14,-7.9,-4.4,-6.1,-5.7,99.7,91.4,9.3,5.9,nan,nan
2015/04/15,-5.3,-2.7,-4.0,-3.7,99.6,97.8,14.0,10.1,nan,nan
2015/04/16,-3.9,-1.9,-2.9,-3.1,100.3,98.1,10.3,7.5,nan,nan
2015/04/17,-6.0,-0.6,-3.3,-3.7,100.9,97.3,4.5,2.4,nan,nan
2015/04/18,-6.0,-2.3,-4.1,-3.7,101.4,96.6,9.2,6.1,nan,nan
2015/04/19,-3.0,-0.3,-1.7,-1.6,100.8,97.6,7.1,4.5,nan,nan
2015/04/20,-3.3,0.5,-1.4,-0.5,99.9,97.9,7.6,4.8,nan,nan
2015/04/21,-7.4,-1.4,-4.4,-4.5,100.3,84.0,5.9,3.6,nan,nan
2015/04/22,-7.4,-0.3,-3.8,-4.1,100.4,61.3,6.3,2.9,nan,nan
2015/04/23,-1.2,2.0,0.4,0.1,99.9,47.0,12.6,4.5,nan,nan
2015/04/24,-0.6,2.6,1.0,0.5,99.9,63.0,8.8,5.0,nan,nan
2015/04/25,-1.1,4.8,1.9,1.7,100.2,58.2,1.4,nan,nan,nan
2015/04/26,-2.7,3.3,0.3,0.9,99.6,70.0,11.2,6.9,nan,nan
2015/04/27,-4.2,-1.5,-2.8,-3.2,99.9,95.1,8.9,5.6,nan,nan
2015/04/28,-2.5,0.5,-1.0,-1.1,98.7,89.2,13.7,7.6,nan,nan
2015/04/29,-3.1,-0.8,-1.9,-2.2,99.5,98.4,10.2,7.4,nan,nan
2015/04/30,-6.9,0.1,-3.4,-2.8,99.6,96.1,1.5,nan,nan,nan
2015/05/01,-3.7,1.1,-1.3,-1.6,100.1,95.5,1.6,0.6,nan,nan
2015/05/02,-4.3,2.7,-0.8,-1.3,100.8,93.1,1.9,0.6,nan,nan
2015/05/03,-3.4,2.0,-0.7,-0.2,100.7,66.7,5.4,1.7,nan,nan
2015/05/04,-0.7,3.1,1.2,0.9,100.4,48.3,11.0,3.5,nan,nan
2015/05/05,-0.4,4.4,2.0,1.8,100.8,37.4,4.9,1.8,nan,nan
2015/05/06,-0.4,5.8,2.7,2.2,101.0,42.7,1.6,0.5,nan,nan
2015/05/07,-0.3,1.7,0.7,0.5,101.1,70.0,4.5,2.3,nan,nan
2015/05/08,0.5,9.8,5.1,4.3,100.9,69.8,3.5,1.9,nan,nan
2015/05/09,1.8,7.3,4.5,3.6,100.9,86.4,7.6,4.4,nan,nan
2015/05/10,1.0,9.9,5.5,4.3,101.0,62.3,1.7,0.5,nan,nan
2015/05/11,0.5,3.5,2.0,2.0,100.8,83.9,5.4,3.0,nan,nan
2015/05/12,3.4,11.0,7.2,6.6,100.3,52.3,2.7,0.9,nan,nan
2015/05/13,7.9,14.6,11.3,11.5,100.3,46.8,3.0,nan,nan,nan
2015/05/14,6.4,12.3,9.4,9.4,100.6,54.6,1.3,nan,nan,nan
2015/05/15,8.0,16.1,12.1,11.1,100.4,37.9,1.1,nan,nan,nan
2015/05/16,7.6,13.4,10.5,10.1,100.9,44.0,1.2,nan,nan,nan
2015/05/17,7.8,15.8,11.8,11.9,101.2,33.1,1.1,nan,nan,nan
2015/05/18,9.7,15.1,12.4,11.8,101.1,40.3,1.9,0.8,nan,nan
2015/05/19,6.8,12.0,9.4,9.2,101.2,60.7,4.7,2.6,nan,nan
2015/05/20,6.7,13.6,10.1,10.0,101.1,45.5,5.8,3.0,nan,nan
2015/05/21,8.9,14.0,11.4,11.5,100.9,41.8,5.6,2.4,nan,nan
2015/05/22,10.0,14.8,12.4,12.6,101.1,44.4,6.4,2.8,nan,nan
2015/05/23,7.4,15.0,11.2,11.8,101.1,55.3,2.3,0.9,nan,nan
2015/05/24,3.9,7.3,5.6,6.2,101.1,85.7,3.0,1.2,nan,nan
2015/05/25,3.9,9.8,6.9,7.0,100.9,72.0,2.2,0.8,nan,nan
2015/05/26,4.6,9.6,7.1,7.1,100.9,73.5,2.7,1.2,nan,nan
2015/05/27,1.5,5.6,3.5,3.0,101.0,88.5,4.9,2.7,nan,nan
2015/05/28,1.8,9.9,5.9,6.8,101.3,64.4,7.4,2.4,nan,nan
2015/05/29,9.3,14.2,11.7,11.5,101.1,38.7,4.9,1.8,nan,nan
2015/05/30,9.9,16.5,13.2,13.0,100.7,29.4,5.2,2.9,nan,nan
2015/05/31,8.1,13.2,10.6,10.6,100.4,56.2,2.3,nan,nan,nan
2015/06/01,6.4,11.9,9.2,9.0,100.3,73.1,1.3,nan,nan,nan
2015/06/02,4.8,9.0,6.9,6.5,100.2,83.0,3.1,1.4,nan,nan
2015/06/03,2.0,5.7,3.9,3.2,100.4,96.7,7.8,4.6,nan,nan
2015/06/04,1.0,3.3,2.1,2.3,100.3,97.5,13.1,8.2,nan,nan
2015/06/05,1.5,3.6,2.5,2.2,100.4,99.6,9.8,6.3,nan,nan
2015/06/06,1.0,2.0,1.5,1.5,100.7,99.1,5.6,3.6,nan,nan
2015/06/07,1.2,5.5,3.4,2.8,100.3,92.1,3.3,1.5,nan,nan
2015/06/08,-0.1,2.7,1.3,1.0,101.0,95.9,4.1,2.4,nan,nan
2015/06/09,-0.7,3.6,1.4,1.2,101.0,84.2,2.8,1.3,nan,nan
2015/06/10,-0.3,2.7,1.2,0.7,100.3,95.9,7.3,4.7,nan,nan
2015/06/11,-0.4,3.7,1.7,1.2,100.4,92.5,3.2,1.7,nan,nan
2015/06/12,0.5,3.4,2.0,1.7,101.3,92.4,4.7,3.0,nan,nan
2015/06/13,1.8,9.8,5.8,6.5,101.4,72.0,10.9,3.2,nan,nan
2015/06/14,9.2,13.6,11.4,10.9,101.5,53.9,10.5,3.9,nan,nan
2015/06/15,11.3,13.1,12.2,12.2,101.1,47.2,10.3,4.0,nan,nan
2015/06/16,8.6,13.5,11.1,12.0,100.8,49.4,6.5,2.7,nan,nan
2015/06/17,3.4,8.3,5.8,5.8,100.8,87.6,5.1,2.8,nan,nan
2015/06/18,4.5,8.1,6.3,5.9,100.4,88.1,2.4,0.9,nan,nan
2015/06/19,3.9,7.7,5.8,5.4,100.8,90.5,4.0,2.0,nan,nan
2015/06/20,4.4,6.1,5.3,5.3,101.1,91.1,6.1,4.5,nan,nan
2015/06/21,4.9,10.2,7.6,7.2,100.9,81.1,2.7,1.3,nan,nan
2015/06/22,7.1,11.6,9.3,9.3,100.8,79.2,1.7,0.6,nan,nan
2015/06/23,8.6,13.6,11.1,10.5,100.9,70.7,2.0,0.8,nan,nan
2015/06/24,8.3,14.8,11.6,11.1,100.7,62.6,1.1,0.3,nan,nan
2015/06/25,6.6,12.7,9.7,8.9,100.5,88.0,3.0,1.4,nan,nan
2015/06/26,4.2,7.5,5.9,5.2,101.0,99.8,6.8,4.5,nan,nan
2015/06/27,3.8,7.0,5.4,5.1,101.0,96.0,2.3,1.0,nan,nan
2015/06/28,5.1,10.2,7.6,7.4,101.0,87.2,2.4,1.0,nan,nan
2015/06/29,6.0,8.3,7.2,7.3,100.8,91.6,3.0,1.1,nan,nan
2015/06/30,4.7,7.9,6.3,6.0,101.3,78.8,3.1,1.3,nan,nan
2015/07/01,4.2,7.8,6.0,5.9,101.3,79.9,4.9,2.5,nan,nan
2015/07/02,2.5,5.2,3.8,3.5,100.7,99.4,12.4,8.2,nan,nan
2015/07/03,2.6,4.8,3.7,3.7,101.3,95.5,5.7,3.1,nan,nan
2015/07/04,4.4,14.0,9.2,9.9,101.5,68.9,3.2,1.3,nan,nan
2015/07/05,8.8,17.4,13.1,12.9,101.3,52.0,5.0,2.8,nan,nan
2015/07/06,13.7,19.9,16.8,16.8,101.2,45.0,4.5,2.1,nan,nan
2015/07/07,8.7,15.9,12.3,12.8,101.0,66.9,4.1,1.9,nan,nan
2015/07/08,6.8,9.4,8.1,8.1,100.5,93.2,2.1,0.8,nan,nan
2015/07/09,5.5,9.7,7.6,7.5,100.2,89.7,1.7,0.6,nan,nan
2015/07/10,6.9,8.1,7.5,7.5,100.0,93.6,2.7,1.2,nan,nan
2015/07/11,6.5,7.5,7.0,6.9,100.0,98.9,4.9,2.6,nan,nan
2015/07/12,6.0,9.0,7.5,7.4,100.2,96.9,2.9,1.3,nan,nan
2015/07/13,5.0,6.7,5.9,5.7,100.5,99.5,6.1,3.4,nan,nan
2015/07/14,4.0,5.9,5.0,4.9,100.5,98.9,5.6,3.2,nan,nan
2015/07/15,2.8,6.3,4.5,4.3,100.5,94.8,3.7,2.0,nan,nan
2015/07/16,3.6,5.7,4.6,4.5,101.2,95.7,3.1,1.6,nan,nan
2015/07/17,4.5,6.9,5.7,5.8,101.3,100.0,7.5,4.7,nan,nan
2015/07/18,5.8,7.8,6.8,6.6,101.1,94.5,3.2,1.4,nan,nan
2015/07/19,5.4,7.5,6.4,6.1,101.0,88.0,2.8,1.0,nan,nan
2015/07/20,6.5,10.7,8.6,8.9,100.4,74.7,10.8,4.8,nan,nan
2015/07/21,9.8,12.7,11.2,10.8,100.3,63.7,8.5,4.5,nan,nan
2015/07/22,5.5,9.7,7.6,7.6,100.2,85.9,1.9,0.7,nan,nan
2015/07/23,4.2,5.5,4.9,4.8,99.8,97.4,6.6,3.4,nan,nan
2015/07/24,3.4,8.5,6.0,5.2,100.0,89.2,4.0,2.2,nan,nan
2015/07/25,4.3,6.4,5.3,5.3,100.4,88.3,5.2,3.3,nan,nan
2015/07/26,4.8,6.0,5.4,5.3,100.5,97.3,nan,2.9,nan,nan
2015/07/27,4.7,5.7,5.2,5.3,100.3,100.0,nan,5.0,nan,nan
2015/07/28,2.7,5.5,4.1,3.9,100.5,100.0,nan,4.4,nan,nan
2015/07/29,2.8,4.7,3.8,4.1,101.0,100.0,nan,2.9,nan,nan
2015/07/30,3.5,6.7,5.1,5.0,101.0,98.6,nan,0.5,nan,137
2015/07/31,5.2,7.3,6.3,6.3,100.8,96.6,nan,0.4,nan,243
2015/08/01,5.2,8.9,7.0,6.4,101.0,94.5,nan,1.6,nan,nan
2015/08/02,5.4,9.5,7.4,7.6,100.8,79.1,nan,3.3,nan,nan
2015/08/03,8.0,12.0,10.0,9.7,100.8,70.5,nan,7.8,nan,nan
2015/08/04,nan,nan,nan,nan,nan,nan,nan,nan,nan,nan
2015/08/05,nan,nan,nan,nan,nan,nan,nan,nan,nan,nan
2015/08/06,nan,nan,nan,nan,nan,nan,nan,nan,nan,nan
2015/08/07,6.8,12.1,9.5,8.9,nan,nan,nan,nan,nan,nan
2015/08/08,7.3,14.8,11.0,10.5,nan,nan,nan,nan,nan,nan
2015/08/09,8.1,12.2,10.1,10.4,100.5,77.8,nan,1.0,nan,nan
2015/08/10,4.8,8.1,6.4,6.0,nan,nan,nan,nan,nan,nan
2015/08/11,2.1,5.9,4.0,3.9,100.2,100.0,nan,4.2,nan,nan
2015/08/12,3.9,6.2,5.1,4.9,100.3,98.6,nan,2.7,nan,131
2015/08/13,5.1,8.0,6.5,6.3,101.0,69.4,nan,3.9,nan,nan
2015/08/14,7.5,12.5,10.0,9.9,101.2,48.3,nan,1.3,nan,5
2015/08/15,9.8,15.0,12.4,12.0,101.2,45.0,nan,0.6,nan,nan
2015/08/16,4.8,9.8,7.3,6.2,101.3,93.5,nan,1.9,nan,nan
2015/08/17,5.4,7.4,6.4,6.4,101.2,100.0,nan,2.0,nan,nan
2015/08/18,4.6,7.4,6.0,6.3,100.6,99.6,nan,7.8,nan,nan
2015/08/19,5.0,7.3,6.2,5.9,100.7,98.8,nan,0.9,nan,141
2015/08/20,4.0,7.6,5.8,5.6,100.5,88.0,nan,3.7,nan,nan
2015/08/21,6.7,9.1,7.9,7.8,100.7,70.7,nan,2.0,nan,nan
2015/08/22,3.4,6.5,5.0,4.7,99.9,95.6,nan,8.0,nan,nan
2015/08/23,3.4,3.9,3.7,3.7,100.1,98.6,nan,8.7,nan,nan
2015/08/24,3.3,6.9,5.1,4.9,100.7,83.2,nan,3.0,nan,nan
2015/08/25,6.7,10.6,8.7,8.7,101.1,61.2,nan,1.7,nan,49
2015/08/26,6.5,12.0,9.2,9.5,101.0,61.0,nan,0.9,nan,145
2015/08/27,2.1,6.2,4.2,3.3,100.0,97.0,nan,6.2,nan,nan
2015/08/28,2.7,4.8,3.8,3.8,99.0,92.3,nan,2.9,nan,nan
2015/08/29,2.6,3.9,3.3,3.3,98.8,91.9,nan,1.1,nan,127
2015/08/30,-0.5,2.6,1.1,1.0,98.0,98.4,nan,3.4,nan,nan
2015/08/31,-1.0,1.1,0.1,0.0,98.7,99.5,nan,nan,nan,nan
2015/09/01,1.2,3.0,2.1,2.1,99.6,65.2,nan,3.4,nan,301
2015/09/02,1.8,5.1,3.4,3.4,100.4,65.1,nan,3.0,nan,205
2015/09/03,4.1,8.8,6.5,5.7,101.0,61.5,nan,2.4,nan,102
2015/09/04,4.5,5.9,5.2,5.0,100.8,69.9,nan,2.8,nan,nan
2015/09/05,3.0,5.5,4.2,4.3,100.5,83.2,nan,1.3,nan,nan
2015/09/06,2.8,4.7,3.7,3.8,100.6,94.2,nan,0.5,nan,120
2015/09/07,3.3,5.4,4.4,4.1,100.5,97.1,nan,0.7,nan,161
2015/09/08,4.1,9.3,6.7,6.7,100.3,71.9,nan,0.5,nan,287
2015/09/09,3.5,6.1,4.8,5.2,100.4,84.7,nan,2.3,nan,nan
2015/09/10,2.3,6.4,4.3,4.6,100.3,99.5,nan,9.5,nan,nan
2015/09/11,2.6,6.1,4.4,4.2,100.4,93.8,nan,5.0,nan,nan
2015/09/12,1.0,2.8,1.9,1.8,100.7,98.2,nan,2.1,nan,nan
2015/09/13,0.5,4.3,2.4,1.8,100.7,87.5,nan,1.9,nan,nan
2015/09/14,0.2,2.1,1.2,0.7,100.0,94.4,nan,4.2,nan,nan
2015/09/15,-0.4,1.1,0.4,0.2,99.6,99.6,nan,3.8,nan,nan
2015/09/16,-0.5,0.7,0.1,0.0,99.5,99.1,nan,4.2,nan,nan
2015/09/17,-0.3,1.7,0.7,0.6,99.3,99.2,nan,4.5,nan,nan
2015/09/18,-1.2,1.9,0.4,0.2,98.8,98.3,nan,1.9,nan,nan
2015/09/19,-1.6,-0.2,-0.9,-0.9,99.3,99.2,nan,4.1,nan,nan
2015/09/20,-1.1,0.6,-0.2,-0.6,99.8,98.9,nan,3.2,nan,nan
2015/09/21,-1.6,-0.7,-1.1,-1.0,100.1,99.5,nan,4.3,nan,nan
2015/09/22,-1.7,1.9,0.1,0.2,99.8,79.8,nan,4.3,nan,nan
2015/09/23,-1.0,2.3,0.7,1.2,99.9,71.7,nan,4.6,nan,nan
2015/09/24,-1.8,1.5,-0.2,0.3,99.6,86.5,nan,2.2,nan,88
2015/09/25,-2.5,-0.5,-1.5,-1.3,100.1,95.7,nan,3.3,nan,nan
2015/09/26,-1.9,-0.1,-1.0,-0.9,100.2,99.3,nan,4.5,nan,nan
2015/09/27,-0.1,3.1,1.5,1.7,100.6,99.9,nan,2.3,nan,nan
2015/09/28,3.1,4.3,3.7,3.9,100.3,100.0,nan,5.5,nan,nan
2015/09/29,4.3,4.8,4.5,4.5,99.7,100.0,nan,9.2,nan,nan
2015/09/30,-1.9,4.4,1.2,-0.5,99.9,96.5,nan,6.4,nan,nan
2015/10/01,-3.2,-0.7,-2.0,-1.8,101.1,88.2,nan,3.1,nan,72
2015/10/02,-4.9,-0.6,-2.7,-2.6,102.0,47.6,nan,3.3,nan,nan
2015/10/03,-2.2,3.2,0.5,-0.1,101.7,60.8,nan,0.9,nan,132
2015/10/04,-1.8,3.6,0.9,0.6,101.0,68.0,nan,1.6,nan,73
2015/10/05,0.7,3.6,2.1,1.8,100.8,55.4,nan,4.7,nan,nan
2015/10/06,0.0,4.3,2.2,1.9,100.4,57.1,nan,0.4,nan,136
2015/10/07,3.6,6.0,4.8,4.7,100.3,77.4,nan,3.1,nan,nan
2015/10/08,3.2,6.0,4.6,4.5,99.7,94.2,nan,2.1,nan,nan
2015/10/09,4.7,8.0,6.4,6.3,98.1,89.9,nan,7.0,nan,nan
2015/10/10,1.3,4.6,2.9,2.1,98.4,95.6,nan,2.3,nan,nan
2015/10/11,-0.2,3.3,1.6,1.2,98.8,91.7,nan,7.0,nan,nan
2015/10/12,-1.2,0.9,-0.2,-0.3,98.8,99.9,nan,8.5,nan,nan
2015/10/13,-1.6,-0.7,-1.2,-1.3,100.0,99.5,nan,7.0,nan,nan
2015/10/14,-2.8,-0.0,-1.4,-1.0,101.3,99.5,nan,1.8,nan,nan
2015/10/15,-2.2,1.0,-0.6,-1.1,100.9,95.6,nan,1.0,nan,297
2015/10/16,1.1,5.9,3.5,3.8,99.9,94.1,nan,2.2,nan,127
2015/10/17,2.3,4.7,3.5,3.6,99.4,99.8,nan,7.7,nan,nan
2015/10/18,0.1,2.8,1.5,1.4,99.7,99.8,nan,4.2,nan,nan
2015/10/19,-0.8,0.5,-0.2,-0.4,100.3,100.0,nan,4.0,nan,nan
2015/10/20,-1.0,-0.3,-0.7,-0.7,99.9,99.8,nan,nan,nan,nan
2015/10/21,-0.8,0.2,-0.3,-0.3,99.1,100.0,nan,nan,nan,nan
2015/10/22,-0.5,0.3,-0.1,-0.2,99.9,100.0,nan,5.9,nan,nan
2015/10/23,-0.7,-0.2,-0.5,-0.5,100.6,100.0,nan,3.3,nan,nan
2015/10/24,-2.0,-0.4,-1.2,-1.3,100.7,97.3,nan,nan,nan,nan
2015/10/25,-1.2,3.8,1.3,0.7,100.4,67.2,nan,1.6,nan,nan
2015/10/26,0.0,2.5,1.3,1.5,100.7,54.1,nan,2.7,nan,nan
2015/10/27,0.0,5.1,2.6,2.2,100.3,43.0,nan,0.6,nan,nan
2015/10/28,-2.1,1.4,-0.4,-0.2,99.3,87.9,nan,2.4,nan,nan
2015/10/29,-1.3,-0.2,-0.8,-0.6,98.8,99.8,nan,2.9,nan,nan
2015/10/30,-1.6,0.2,-0.7,-1.0,98.3,99.3,nan,nan,nan,nan
2015/10/31,-2.0,1.2,-0.4,-0.5,98.5,82.9,nan,2.6,nan,nan
2015/11/01,-7.5,-0.2,-3.8,-3.8,99.4,69.9,nan,6.3,nan,nan
2015/11/02,-7.5,-4.2,-5.8,-5.4,100.1,93.0,nan,nan,nan,nan
2015/11/03,-5.2,-1.6,-3.4,-3.5,99.7,98.2,nan,nan,309.3,nan
2015/11/04,-7.4,-0.9,-4.1,-2.9,99.8,97.3,nan,2.7,nan,nan
2015/11/05,-7.9,-3.5,-5.7,-5.7,100.3,93.3,nan,3.3,nan,nan
2015/11/06,-3.4,-2.1,-2.8,-2.6,98.9,98.7,nan,7.5,nan,nan
2015/11/07,-2.7,-2.4,-2.6,-2.5,99.1,98.8,nan,7.4,nan,nan
2015/11/08,-3.8,-0.9,-2.4,-2.9,99.9,98.4,nan,nan,nan,nan
2015/11/09,-3.5,-2.6,-3.0,-3.0,99.5,98.5,nan,8.8,nan,nan
2015/11/10,-5.8,-2.9,-4.3,-4.2,98.4,97.7,nan,4.5,nan,nan
2015/11/11,-6.4,-5.5,-5.9,-5.9,99.2,96.7,nan,4.9,nan,nan
2015/11/12,-5.7,-3.8,-4.7,-4.4,97.3,97.7,nan,9.5,nan,nan
2015/11/13,-4.5,-3.5,-4.0,-4.2,97.4,97.8,nan,10.3,nan,nan
2015/11/14,-6.4,-4.3,-5.4,-5.1,98.6,97.1,nan,8.1,nan,nan
2015/11/15,-7.8,-6.0,-6.9,-7.1,99.0,95.9,nan,4.9,nan,nan
2015/11/16,-9.2,-7.7,-8.4,-8.4,98.2,95.0,nan,4.5,nan,nan
2015/11/17,-11.2,-7.4,-9.3,-9.4,98.6,94.4,nan,2.3,nan,nan
2015/11/18,-10.9,-8.3,-9.6,-9.4,99.6,94.3,nan,nan,nan,nan
2015/11/19,-13.6,-6.4,-10.0,-10.4,100.8,93.7,nan,2.2,nan,nan
2015/11/20,-6.2,-3.1,-4.7,-4.1,100.4,97.8,nan,9.9,297.3,nan
2015/11/21,-6.4,-0.5,-3.4,-3.2,99.7,97.6,nan,11.6,nan,nan
2015/11/22,-10.5,-6.4,-8.5,-8.1,100.5,92.7,nan,3.7,nan,nan
2015/11/23,-12.7,-8.0,-10.4,-10.7,101.2,67.5,nan,1.2,nan,nan
2015/11/24,-12.0,-5.0,-8.5,-8.3,101.6,80.0,nan,2.6,nan,nan
2015/11/25,-5.6,-2.4,-4.0,-4.2,101.6,71.9,nan,1.1,nan,47
2015/11/26,-3.7,-1.0,-2.3,-2.2,101.2,41.6,nan,4.9,297.8,nan
2015/11/27,-4.1,-2.1,-3.1,-3.0,101.0,81.0,nan,7.6,177.6,nan
2015/11/28,-4.2,-1.8,-3.0,-2.7,100.3,98.5,nan,6.0,113.5,nan
2015/11/29,-4.0,-2.1,-3.1,-3.1,99.8,94.1,nan,8.9,122.4,nan
2015/11/30,-3.2,-1.8,-2.5,-2.3,99.3,98.9,nan,6.1,nan,nan
2015/12/01,-2.6,-1.7,-2.1,-2.3,98.7,98.9,nan,4.7,nan,nan
2015/12/02,-4.2,-2.3,-3.3,-3.4,98.7,98.2,nan,3.9,nan,101
2015/12/03,-7.3,-3.2,-5.2,-4.8,98.5,97.0,nan,nan,nan,nan
2015/12/04,-7.0,-3.1,-5.0,-5.7,98.9,95.5,nan,nan,nan,nan
2015/12/05,-7.6,-2.9,-5.3,-5.3,98.9,88.5,nan,1.4,nan,nan
2015/12/06,-6.5,-2.3,-4.4,-4.8,98.1,91.7,nan,3.0,nan,39
2015/12/07,-7.1,-2.9,-5.0,-4.3,98.3,97.6,nan,nan,nan,nan
2015/12/08,-5.0,-1.0,-3.0,-3.3,97.7,85.4,nan,6.2,nan,70
2015/12/09,-4.7,-3.5,-4.1,-4.0,98.0,97.8,nan,6.9,nan,nan
2015/12/10,-6.3,-3.7,-5.0,-4.9,98.5,80.7,nan,4.0,nan,nan
2015/12/11,-10.1,-5.1,-7.6,-8.3,99.0,74.5,nan,0.9,nan,1
2015/12/12,-9.4,-7.0,-8.2,-7.8,98.9,93.9,nan,nan,nan,nan
2015/12/13,-11.8,-8.6,-10.2,-10.3,99.4,91.7,nan,nan,nan,nan
2015/12/14,-12.0,-6.0,-9.0,-8.1,99.8,95.4,nan,6.3,nan,nan
2015/12/15,-6.2,-5.2,-5.7,-5.8,100.5,96.6,nan,3.1,151.7,nan
2015/12/16,-8.2,-5.6,-6.9,-6.6,100.5,95.9,nan,nan,nan,nan
2015/12/17,-7.9,-3.7,-5.8,-6.3,98.9,83.6,nan,3.5,nan,nan
2015/12/18,-9.5,-6.3,-7.9,-8.2,98.8,91.8,nan,1.1,nan,nan
2015/12/19,-8.4,-6.0,-7.2,-7.2,98.2,89.2,nan,3.1,nan,nan
2015/12/20,-9.7,-7.0,-8.3,-8.4,97.8,94.5,nan,nan,nan,nan
2015/12/21,-7.5,-6.0,-6.8,-6.6,98.1,95.8,nan,5.4,nan,nan
2015/12/22,-7.4,-6.6,-7.0,-7.0,98.3,95.9,nan,2.0,nan,nan
2015/12/23,-10.2,-7.2,-8.7,-8.1,98.8,95.1,nan,nan,nan,nan
2015/12/24,-16.4,-10.1,-13.2,-13.1,100.0,91.4,nan,nan,nan,nan
2015/12/25,-17.2,-11.3,-14.2,-14.7,100.7,81.1,nan,nan,nan,nan
2015/12/26,-11.4,-9.3,-10.4,-10.5,99.9,93.3,nan,nan,nan,nan
2015/12/27,-11.0,-6.5,-8.7,-7.8,100.3,91.8,nan,nan,nan,nan
2015/12/28,-9.5,-6.4,-8.0,-7.8,100.5,93.1,nan,3.7,nan,nan
2015/12/29,-6.7,-4.4,-5.6,-5.4,100.7,95.8,nan,nan,nan,nan
2015/12/30,-6.3,-3.7,-5.0,-5.2,101.1,92.8,nan,nan,nan,nan
2015/12/31,-4.8,-3.8,-4.3,-4.4,100.7,97.2,nan,8.3,110.6,nan
2016/01/01,-4.7,-2.7,-3.7,-3.6,100.6,97.9,nan,3.9,nan,nan
2016/01/02,-4.5,-3.6,-4.1,-4.1,100.3,96.8,nan,6.9,nan,nan
2016/01/03,-6.2,-3.3,-4.8,-4.6,100.4,89.1,nan,0.9,nan,nan
2016/01/04,-6.4,-2.5,-4.4,-4.8,100.0,59.9,nan,1.0,nan,108
2016/01/05,-5.9,0.4,-2.7,-3.8,99.6,44.5,nan,1.9,nan,295
2016/01/06,-7.5,-0.1,-3.8,-4.7,99.9,44.2,nan,3.7,nan,nan
2016/01/07,-7.6,-3.5,-5.5,-5.9,100.4,61.5,nan,0.2,nan,44
2016/01/08,-4.9,-2.5,-3.7,-4.0,100.1,67.4,nan,0.2,nan,nan
2016/01/09,-4.9,-2.8,-3.9,-3.8,100.1,97.5,nan,4.0,nan,nan
2016/01/10,-3.5,-2.4,-3.0,-2.9,100.3,98.3,nan,nan,nan,nan
2016/01/11,-3.8,-1.4,-2.6,-2.9,99.4,98.5,nan,nan,nan,nan
2016/01/12,-2.9,-1.3,-2.1,-2.0,98.8,99.0,nan,5.2,nan,nan
2016/01/13,-3.6,-2.1,-2.8,-2.8,98.7,98.4,nan,2.3,nan,67
2016/01/14,-4.0,-2.8,-3.4,-3.4,99.6,98.2,nan,nan,nan,nan
2016/01/15,-6.6,-1.6,-4.1,-4.3,99.7,96.9,nan,nan,nan,nan
2016/01/16,-8.1,-5.0,-6.5,-7.1,99.0,89.2,nan,nan,nan,nan
2016/01/17,-7.8,-2.4,-5.1,-5.7,98.8,85.3,nan,2.4,nan,40
2016/01/18,-8.4,-2.5,-5.5,-5.3,99.1,92.0,nan,1.1,nan,58
2016/01/19,-6.6,-3.3,-4.9,-5.0,99.3,93.1,nan,nan,nan,nan
2016/01/20,-5.3,-1.6,-3.5,-4.2,99.7,92.1,nan,nan,nan,nan
2016/01/21,-5.6,-2.1,-3.8,-4.3,98.7,91.7,nan,3.1,nan,nan
2016/01/22,-4.6,-2.6,-3.6,-3.2,98.9,98.3,nan,6.8,nan,nan
2016/01/23,-4.1,-3.6,-3.9,-3.9,99.4,97.8,nan,7.4,nan,nan
2016/01/24,-4.2,-3.6,-3.9,-3.9,99.7,97.8,nan,8.4,nan,nan
2016/01/25,-3.6,-1.7,-2.7,-2.6,99.2,98.6,nan,nan,nan,nan
2016/01/26,-3.5,-1.8,-2.7,-2.7,98.7,98.6,nan,nan,nan,nan
2016/01/27,-3.0,-0.8,-1.9,-1.5,98.5,99.3,nan,nan,nan,nan
2016/01/28,-3.3,-1.3,-2.3,-2.5,98.2,98.7,nan,9.5,nan,nan
2016/01/29,-5.5,-2.3,-3.9,-3.9,98.8,97.9,nan,nan,nan,nan
2016/01/30,-7.4,-3.4,-5.4,-5.8,99.5,90.9,nan,nan,nan,nan
2016/01/31,-7.7,-3.1,-5.4,-5.8,100.4,76.0,nan,nan,nan,nan
2016/02/01,-8.8,-7.0,-7.9,-7.9,100.4,90.8,nan,nan,nan,nan
2016/02/02,-7.9,-4.7,-6.3,-6.8,100.3,95.9,nan,nan,nan,nan
2016/02/03,-7.0,-4.7,-5.9,-6.0,99.4,96.4,nan,nan,nan,nan
2016/02/04,-5.0,-3.1,-4.1,-3.9,98.9,97.8,nan,6.2,nan,nan
2016/02/05,-6.9,-3.4,-5.2,-5.3,98.8,96.1,nan,1.0,nan,81
2016/02/06,-8.3,-4.3,-6.3,-6.0,100.3,96.2,nan,3.6,nan,nan
2016/02/07,-7.3,-3.1,-5.2,-5.5,100.6,93.9,nan,6.4,nan,nan
2016/02/08,-3.8,-0.6,-2.2,-2.4,100.3,98.2,nan,nan,nan,nan
2016/02/09,-4.7,-0.2,-2.5,-2.5,100.5,75.8,nan,3.0,nan,nan
2016/02/10,-3.4,0.7,-1.3,-1.5,99.8,95.6,nan,nan,nan,nan
2016/02/11,-1.7,1.9,0.1,-0.6,100.2,83.4,nan,8.4,nan,nan
2016/02/12,-2.9,1.0,-1.0,-2.1,99.5,94.2,nan,7.1,nan,nan
2016/02/13,-3.6,-2.7,-3.1,-3.0,99.5,98.4,nan,4.6,nan,nan
2016/02/14,-4.4,-2.2,-3.3,-3.5,99.2,97.8,nan,nan,nan,nan
2016/02/15,-5.8,-3.2,-4.5,-4.3,99.5,95.1,nan,2.6,nan,nan
2016/02/16,-6.1,-3.2,-4.7,-4.1,99.1,67.3,nan,5.2,nan,nan
2016/02/17,-9.9,-3.6,-6.7,-6.8,98.8,72.7,nan,nan,nan,nan
2016/02/18,-15.9,-9.5,-12.7,-12.8,98.3,73.5,nan,1.0,nan,342
2016/02/19,-16.5,-11.2,-13.9,-14.0,98.9,84.4,nan,1.1,nan,nan
2016/02/20,-11.1,-3.4,-7.2,-6.6,99.9,95.3,nan,5.1,nan,nan
2016/02/21,-3.5,-2.0,-2.7,-2.8,100.1,85.8,nan,2.7,nan,nan
2016/02/22,-7.4,-3.1,-5.3,-5.1,101.1,95.7,nan,3.3,nan,nan
2016/02/23,-8.7,-4.1,-6.4,-6.3,101.0,60.7,nan,nan,nan,nan
2016/02/24,-6.5,-1.6,-4.0,-4.0,100.2,95.2,nan,2.3,nan,nan
2016/02/25,-1.7,-0.1,-0.9,-1.0,99.8,99.1,nan,6.3,nan,nan
2016/02/26,-2.9,-0.6,-1.7,-1.7,99.4,99.2,nan,6.7,nan,nan
2016/02/27,-3.4,-2.5,-3.0,-2.8,99.5,96.6,nan,6.5,nan,nan
2016/02/28,-3.4,-1.2,-2.3,-2.5,99.0,98.8,nan,5.4,nan,nan
2016/02/29,-5.9,0.8,-2.5,-3.9,100.2,95.1,nan,nan,nan,nan
2016/03/01,-7.6,-2.3,-5.0,-5.2,100.0,64.4,nan,nan,nan,nan
2016/03/02,-5.7,-3.6,-4.7,-5.0,99.8,53.8,nan,6.4,nan,nan
2016/03/03,-8.0,-4.6,-6.3,-6.4,99.2,72.0,nan,4.2,nan,nan
2016/03/04,-7.3,-2.8,-5.0,-4.4,98.4,82.4,nan,2.5,nan,nan
2016/03/05,-5.1,-1.6,-3.4,-3.7,98.2,86.0,nan,2.0,nan,nan
2016/03/06,-6.2,-3.1,-4.7,-4.2,98.1,78.8,nan,5.4,nan,nan
2016/03/07,-7.7,-5.8,-6.7,-6.6,98.7,88.5,nan,1.2,nan,nan
2016/03/08,-7.0,-1.4,-4.2,-4.3,99.0,87.3,nan,nan,nan,nan
2016/03/09,-4.7,-3.4,-4.1,-4.1,98.8,89.5,nan,3.5,nan,nan
2016/03/10,-4.6,-2.3,-3.5,-3.4,98.3,68.2,nan,5.4,nan,nan
2016/03/11,-4.6,-1.8,-3.2,-3.3,99.0,82.9,nan,6.7,nan,nan
2016/03/12,-4.5,-1.8,-3.2,-2.9,98.4,59.0,nan,7.4,nan,nan
2016/03/13,-5.0,-0.5,-2.7,-3.1,98.5,67.2,nan,0.9,nan,55
2016/03/14,-4.9,-0.1,-2.5,-3.2,98.7,63.9,nan,0.3,nan,35
2016/03/15,-5.8,-3.5,-4.6,-4.5,99.6,91.9,nan,3.3,nan,nan
2016/03/16,-7.4,-5.1,-6.2,-5.8,101.1,96.5,nan,4.0,nan,nan
2016/03/17,-6.3,-0.7,-3.5,-4.9,101.6,95.5,nan,0.9,nan,nan
2016/03/18,-6.7,-1.6,-4.1,-4.1,100.6,71.8,nan,1.9,nan,nan
2016/03/19,-4.1,-2.1,-3.1,-2.9,100.1,86.6,nan,4.0,nan,nan
2016/03/20,-2.0,2.6,0.3,0.7,99.9,71.7,nan,3.4,nan,nan
2016/03/21,-4.4,2.0,-1.2,-0.7,99.6,70.2,nan,5.5,nan,22
2016/03/22,-4.3,0.4,-1.9,-2.1,100.0,90.2,nan,0.8,nan,50
2016/03/23,-2.5,0.8,-0.8,-0.7,99.4,78.1,nan,3.5,nan,nan
2016/03/24,-2.6,5.1,1.2,-0.1,99.8,75.8,nan,0.1,nan,nan
2016/03/25,-2.7,-1.9,-2.3,-2.4,100.2,98.0,nan,4.8,nan,nan
2016/03/26,-3.0,-1.7,-2.3,-2.4,99.5,98.5,nan,7.7,nan,nan
2016/03/27,-4.2,-0.6,-2.4,-2.5,100.0,98.2,nan,nan,nan,nan
2016/03/28,-4.3,-1.3,-2.8,-2.8,101.0,98.3,nan,8.1,nan,nan
2016/03/29,-1.7,-0.2,-0.9,-0.9,101.4,99.4,nan,6.0,nan,nan
2016/03/30,-0.4,5.5,2.5,1.9,101.5,86.7,nan,0.7,nan,nan
2016/03/31,4.9,14.0,9.5,9.6,101.0,33.6,nan,0.6,nan,nan
2016/04/01,-1.1,8.1,3.5,4.0,100.6,75.9,nan,6.0,nan,nan
2016/04/02,-3.3,-0.1,-1.7,-1.5,100.4,98.7,nan,3.2,nan,nan
2016/04/03,-3.8,2.8,-0.5,-1.1,100.3,76.1,nan,1.1,nan,50
2016/04/04,-1.4,2.8,0.7,0.4,99.7,75.2,nan,4.7,nan,nan
2016/04/05,-3.1,-1.4,-2.3,-2.1,99.5,98.7,nan,7.8,nan,nan
2016/04/06,-3.8,-1.1,-2.5,-2.6,100.8,98.3,nan,4.8,nan,nan
2016/04/07,-2.8,3.1,0.1,-0.2,100.3,94.0,nan,3.8,nan,nan
2016/04/08,-3.3,3.6,0.2,0.1,99.7,84.7,nan,3.5,nan,nan
2016/04/09,-4.1,0.7,-1.7,-2.0,100.6,79.5,nan,0.9,nan,nan
2016/04/10,-1.7,4.6,1.5,0.4,100.1,64.8,nan,nan,nan,nan
2016/04/11,-1.5,-0.4,-0.9,-1.1,100.0,98.6,nan,3.1,nan,nan
2016/04/12,-2.1,0.8,-0.6,-0.7,99.4,90.7,nan,3.5,nan,nan
2016/04/13,-2.4,1.0,-0.7,-1.1,99.9,87.9,nan,2.2,nan,nan
2016/04/14,-2.0,0.7,-0.7,-1.2,99.9,86.4,nan,2.1,nan,nan
2016/04/15,-2.6,-1.4,-2.0,-1.8,99.8,98.7,nan,6.5,nan,nan
2016/04/16,-3.0,-1.2,-2.1,-2.3,100.4,98.0,nan,5.1,nan,nan
2016/04/17,-1.9,0.0,-1.0,-1.0,100.4,94.9,nan,5.8,nan,nan
2016/04/18,-3.5,-1.4,-2.5,-2.6,100.2,94.7,nan,4.7,nan,nan
2016/04/19,-4.5,3.0,-0.8,-1.8,101.1,80.5,nan,1.0,nan,nan
2016/04/20,-0.8,5.1,2.1,2.1,100.5,44.5,nan,0.5,nan,46
2016/04/21,3.1,6.5,4.8,4.6,100.1,52.3,nan,2.4,nan,nan
2016/04/22,1.2,5.5,3.4,3.2,99.9,86.9,nan,1.0,nan,nan
2016/04/23,1.1,3.9,2.5,2.7,99.9,93.4,nan,1.6,nan,62
2016/04/24,-3.3,1.1,-1.1,-1.0,100.2,98.9,nan,2.2,nan,nan
2016/04/25,-3.3,-0.8,-2.0,-2.0,100.5,97.7,nan,3.3,nan,nan
2016/04/26,-1.6,1.8,0.1,-0.8,100.1,95.9,nan,4.6,nan,nan
2016/04/27,-2.1,-1.4,-1.8,-1.9,100.3,96.2,nan,5.5,nan,nan
2016/04/28,-2.4,-0.8,-1.6,-1.6,100.1,96.8,nan,6.6,nan,nan
2016/04/29,-2.9,-1.3,-2.1,-2.0,100.6,98.6,nan,5.3,nan,nan
2016/04/30,-2.6,-0.9,-1.8,-1.8,100.5,98.1,nan,8.4,nan,nan
2016/05/01,-1.1,2.8,0.9,0.1,100.3,98.8,nan,4.1,nan,nan
2016/05/02,-0.7,4.8,2.1,1.7,100.1,99.5,nan,6.7,nan,nan
2016/05/03,-2.3,2.1,-0.1,-0.3,100.4,93.8,nan,0.5,nan,56
2016/05/04,-3.1,-0.4,-1.7,-2.1,100.7,97.3,nan,3.3,nan,nan
2016/05/05,-2.8,-0.3,-1.6,-1.6,100.9,98.2,nan,6.2,nan,nan
2016/05/06,-1.4,-0.1,-0.7,-0.7,100.3,98.9,nan,8.2,nan,nan
2016/05/07,-1.8,3.3,0.7,0.1,99.9,94.1,nan,nan,nan,nan
2016/05/08,-1.6,2.5,0.5,0.3,100.8,86.6,nan,6.9,nan,nan
2016/05/09,-1.0,1.6,0.3,-0.1,101.3,94.4,nan,1.2,nan,nan
2016/05/10,-1.4,6.3,2.4,0.8,101.5,88.4,nan,5.2,nan,nan
2016/05/11,5.8,9.8,7.8,7.3,101.8,54.2,nan,4.0,nan,nan
2016/05/12,6.8,10.9,8.9,9.0,101.8,33.3,nan,2.8,nan,40
2016/05/13,9.7,13.8,11.7,11.2,101.5,29.5,nan,3.7,nan,nan
2016/05/14,9.4,14.9,12.2,11.6,101.0,28.9,nan,nan,nan,nan
2016/05/15,7.2,16.0,11.6,11.3,100.5,30.9,nan,nan,nan,nan
2016/05/16,0.3,7.0,3.6,1.8,100.5,96.3,nan,5.1,nan,nan
2016/05/17,-0.4,0.9,0.3,0.2,100.1,98.5,nan,5.8,nan,nan
2016/05/18,-0.4,3.2,1.4,1.2,100.4,88.8,nan,4.0,nan,nan
2016/05/19,2.3,8.7,5.5,6.2,101.2,57.3,nan,3.9,nan,nan
2016/05/20,7.5,13.6,10.5,10.1,101.1,44.8,nan,nan,nan,nan
2016/05/21,6.3,13.2,9.7,8.9,100.3,45.6,nan,nan,nan,nan
2016/05/22,2.4,7.0,4.7,4.7,100.1,88.4,nan,3.4,nan,nan
2016/05/23,0.8,4.6,2.7,2.6,100.4,96.5,nan,1.2,nan,nan
2016/05/24,0.0,3.6,1.8,1.6,100.5,91.7,nan,1.5,nan,61
2016/05/25,-0.2,4.1,2.0,1.4,100.8,91.6,nan,0.6,nan,113
2016/05/26,-0.2,5.2,2.5,2.5,100.8,82.9,nan,4.8,nan,nan
2016/05/27,1.5,5.2,3.4,4.0,100.6,67.8,nan,5.4,nan,nan
2016/05/28,3.7,6.7,5.2,5.2,100.6,65.8,nan,2.3,nan,nan
2016/05/29,2.9,5.9,4.4,4.8,100.6,69.2,nan,1.9,nan,nan
2016/05/30,1.8,3.8,2.8,2.6,101.2,88.9,nan,1.2,nan,nan
2016/05/31,2.4,9.0,5.7,5.0,100.7,67.7,nan,0.5,nan,11
2016/06/01,1.5,4.1,2.8,2.8,99.8,93.6,nan,2.7,nan,nan
2016/06/02,1.1,5.5,3.3,2.7,99.8,91.1,nan,1.6,nan,nan
2016/06/03,-0.1,4.0,2.0,2.3,100.1,95.0,nan,4.1,nan,nan
2016/06/04,-0.2,2.8,1.3,1.2,101.2,94.1,nan,5.3,nan,nan
2016/06/05,2.5,4.6,3.6,3.5,100.7,88.3,nan,4.1,nan,nan
2016/06/06,0.4,3.8,2.1,1.7,100.4,95.7,nan,3.7,nan,nan
2016/06/07,-0.0,4.1,2.0,1.7,100.6,89.6,nan,2.0,nan,nan
2016/06/08,2.4,10.8,6.6,7.3,100.1,54.0,nan,3.5,nan,nan
2016/06/09,5.7,12.0,8.9,9.6,100.3,56.3,nan,4.3,nan,nan
2016/06/10,4.0,10.1,7.1,6.1,100.5,85.1,nan,0.8,nan,60
2016/06/11,2.8,7.1,4.9,5.0,100.6,92.1,nan,2.6,nan,nan
2016/06/12,1.2,4.8,3.0,2.6,100.2,93.8,nan,3.5,nan,nan
2016/06/13,-0.1,4.6,2.3,1.5,100.3,90.1,nan,3.6,nan,nan
2016/06/14,1.7,10.5,6.1,5.8,100.1,61.4,nan,2.8,nan,nan
2016/06/15,7.8,11.6,9.7,9.8,100.4,63.0,nan,3.9,nan,nan
2016/06/16,7.8,12.2,10.0,11.0,100.6,57.7,nan,5.7,nan,nan
2016/06/17,4.3,11.4,7.9,7.3,100.9,82.4,nan,1.6,nan,51
2016/06/18,2.5,8.9,5.7,5.2,101.1,81.2,nan,2.3,nan,nan
2016/06/19,3.6,7.9,5.8,5.5,101.6,83.0,nan,1.5,nan,nan
2016/06/20,3.6,7.1,5.4,5.3,101.3,81.8,nan,2.7,nan,nan
2016/06/21,3.0,8.3,5.7,5.2,100.7,86.8,nan,1.2,nan,nan
2016/06/22,4.9,11.0,8.0,8.9,100.8,70.9,nan,2.9,nan,nan
2016/06/23,8.1,13.4,10.8,10.5,100.7,70.6,nan,nan,nan,nan
2016/06/24,4.0,8.1,6.1,5.6,100.6,90.1,nan,2.2,nan,nan
2016/06/25,3.7,5.7,4.7,4.5,101.0,99.6,nan,3.7,nan,nan
2016/06/26,3.4,4.8,4.1,4.1,101.4,99.6,nan,3.9,nan,nan
2016/06/27,4.2,11.4,7.8,8.0,101.5,80.8,nan,1.4,nan,nan
2016/06/28,9.0,12.6,10.8,10.5,101.4,72.9,nan,0.6,nan,nan
2016/06/29,8.0,12.8,10.4,10.4,101.2,71.0,nan,0.3,nan,nan
2016/06/30,4.7,8.8,6.8,6.4,100.8,91.9,nan,1.6,nan,nan
2016/07/01,4.6,8.9,6.7,6.9,100.0,80.8,nan,2.4,nan,nan
2016/07/02,3.7,7.0,5.3,4.9,100.1,89.6,nan,5.5,nan,nan
2016/07/03,3.4,8.2,5.8,5.5,100.4,85.6,nan,2.9,nan,nan
2016/07/04,4.8,8.6,6.7,6.0,100.8,78.3,nan,1.8,nan,nan
2016/07/05,5.0,8.7,6.9,6.3,100.8,82.0,nan,1.9,nan,nan
2016/07/06,5.2,9.2,7.2,6.8,100.7,83.3,nan,1.3,nan,38
2016/07/07,5.6,12.3,8.9,8.8,100.3,68.2,nan,1.0,nan,nan
2016/07/08,11.2,15.5,13.4,13.3,100.2,57.4,nan,2.1,nan,nan
2016/07/09,10.3,13.6,12.0,11.9,100.5,73.3,nan,nan,nan,32
2016/07/10,7.4,10.2,8.8,8.6,100.5,91.5,nan,0.9,nan,nan
2016/07/11,8.0,11.0,9.5,9.4,100.5,76.7,nan,0.8,nan,nan
2016/07/12,7.1,15.4,11.2,11.3,100.8,76.1,nan,0.9,nan,nan
2016/07/13,8.2,14.1,11.1,11.0,101.3,82.8,nan,0.9,nan,nan
2016/07/14,6.6,10.5,8.6,8.2,101.7,94.1,nan,2.1,nan,nan
2016/07/15,6.7,11.3,9.0,8.7,101.5,87.7,nan,1.0,nan,nan
2016/07/16,7.2,17.0,12.1,11.5,101.3,74.1,nan,nan,nan,nan
2016/07/17,11.8,19.7,15.8,15.5,101.1,58.3,nan,0.4,nan,54
2016/07/18,14.5,20.9,17.7,17.5,100.8,48.3,nan,0.6,nan,31
2016/07/19,nan,nan,nan,nan,nan,nan,nan,nan,nan,nan
2016/07/20,6.7,11.8,9.3,8.4,100.7,95.8,nan,1.0,nan,nan
2016/07/21,6.0,9.8,7.9,7.1,100.9,94.1,nan,1.3,nan,nan
2016/07/22,4.9,6.3,5.6,5.4,100.6,99.7,nan,2.3,nan,nan
2016/07/23,5.3,5.7,5.5,5.5,100.1,100.0,nan,7.2,nan,nan
2016/07/24,4.1,6.0,5.1,4.8,100.1,100.0,nan,4.8,nan,nan
2016/07/25,4.1,5.6,4.9,4.9,100.8,100.0,nan,3.2,nan,nan
2016/07/26,4.6,6.2,5.4,5.0,101.0,100.0,nan,3.7,nan,nan
2016/07/27,6.0,7.6,6.8,6.6,101.2,100.0,nan,3.1,nan,nan
2016/07/28,7.2,8.3,7.7,7.9,101.1,98.5,nan,4.4,nan,nan
2016/07/29,4.2,7.4,5.8,5.4,101.1,97.3,nan,1.5,nan,125
2016/07/30,3.8,6.4,5.1,4.9,101.0,93.8,nan,3.2,nan,nan
2016/07/31,4.2,7.9,6.1,5.1,100.9,90.3,nan,2.0,nan,nan
2016/08/01,3.9,9.6,6.7,6.2,101.0,85.4,nan,1.3,nan,353
2016/08/02,4.4,9.5,7.0,6.3,101.2,89.8,nan,1.2,nan,310
2016/08/03,5.8,8.2,7.0,6.5,101.1,94.3,nan,1.4,nan,nan
2016/08/04,3.9,8.9,6.4,6.3,101.3,86.0,nan,2.8,nan,nan
2016/08/05,7.2,12.7,10.0,9.4,101.2,72.0,nan,0.7,nan,102
2016/08/06,8.0,13.0,10.5,10.0,101.0,78.6,nan,0.9,nan,113
2016/08/07,7.4,12.6,10.0,9.3,100.8,84.5,nan,2.1,nan,60
2016/08/08,7.6,9.6,8.6,8.2,100.5,94.9,nan,1.7,nan,nan
2016/08/09,6.8,7.9,7.4,7.2,100.4,99.9,nan,1.9,nan,nan
2016/08/10,5.1,7.4,6.3,5.9,100.8,96.1,nan,1.9,nan,nan
2016/08/11,6.0,8.5,7.2,7.1,101.0,99.7,nan,0.9,nan,nan
2016/08/12,7.0,9.9,8.5,7.8,101.4,98.2,nan,1.9,nan,nan
2016/08/13,7.2,10.0,8.6,7.9,100.9,97.7,nan,3.7,nan,nan
2016/08/14,3.2,7.8,5.5,6.2,100.5,100.0,nan,6.4,nan,nan
2016/08/15,3.3,4.5,3.9,3.9,100.6,98.3,nan,4.5,nan,nan
2016/08/16,1.3,4.4,2.9,2.3,101.1,98.7,nan,1.7,nan,133
2016/08/17,1.2,8.0,4.6,3.2,101.8,92.2,nan,1.4,nan,nan
2016/08/18,5.6,8.5,7.0,6.7,101.8,90.9,nan,2.3,nan,nan
2016/08/19,5.2,7.6,6.4,6.4,101.4,99.9,nan,2.4,nan,nan
2016/08/20,5.3,6.9,6.1,5.9,101.0,90.8,nan,1.1,nan,nan
2016/08/21,5.7,12.9,9.3,8.1,100.5,71.2,nan,3.7,nan,nan
2016/08/22,5.0,12.9,9.0,7.3,100.7,79.4,nan,1.4,nan,nan
2016/08/23,5.5,7.2,6.4,6.2,101.4,96.8,nan,3.3,nan,nan
2016/08/24,6.3,9.2,7.8,7.6,102.2,98.4,nan,1.6,nan,83
2016/08/25,6.3,9.3,7.8,7.9,102.2,93.1,nan,1.8,nan,nan
2016/08/26,7.1,9.3,8.2,8.1,100.9,96.2,nan,3.9,nan,nan
2016/08/27,7.8,12.6,10.2,10.1,100.6,67.6,nan,4.5,nan,284
2016/08/28,8.2,12.7,10.4,9.9,100.6,57.1,nan,3.4,nan,89
2016/08/29,6.1,10.9,8.5,8.6,100.4,63.7,nan,4.4,nan,nan
2016/08/30,4.7,6.0,5.3,5.1,100.6,74.1,nan,6.5,nan,56
2016/08/31,4.6,6.1,5.3,5.2,100.6,70.5,nan,3.7,nan,82
2016/09/01,5.8,7.4,6.6,6.2,100.4,69.9,nan,5.7,nan,nan
2016/09/02,5.5,8.4,7.0,6.5,100.5,70.3,nan,0.9,nan,127
2016/09/03,6.6,9.7,8.1,7.4,100.8,69.9,nan,2.4,nan,333
2016/09/04,6.1,10.5,8.3,8.0,100.7,68.0,nan,1.0,nan,nan
2016/09/05,4.1,9.3,6.7,6.1,100.3,85.9,nan,1.4,nan,nan
2016/09/06,3.4,5.1,4.3,4.2,99.9,99.6,nan,2.9,nan,nan
2016/09/07,3.3,6.6,4.9,4.3,100.0,96.7,nan,1.8,nan,nan
2016/09/08,3.0,6.0,4.5,3.8,100.6,94.6,nan,2.3,nan,nan
2016/09/09,1.2,4.0,2.6,3.0,100.1,97.4,nan,4.5,nan,nan
2016/09/10,1.4,4.0,2.7,2.6,99.9,96.3,nan,3.4,nan,nan
2016/09/11,3.6,7.2,5.4,5.2,101.5,59.2,nan,2.5,nan,nan
2016/09/12,2.7,7.1,4.9,4.1,101.7,87.4,nan,2.4,nan,105
2016/09/13,2.3,5.5,3.9,4.5,100.7,99.3,nan,6.8,nan,nan
2016/09/14,3.9,4.8,4.4,4.2,100.5,98.8,nan,2.1,nan,nan
2016/09/15,4.0,6.5,5.3,5.4,100.3,100.0,nan,5.6,nan,nan
2016/09/16,2.7,5.6,4.2,3.9,99.9,98.6,nan,5.5,nan,nan
2016/09/17,1.6,3.2,2.4,2.7,99.4,99.0,nan,2.3,nan,139
2016/09/18,2.4,3.6,3.0,2.7,99.7,98.9,nan,2.2,nan,nan
2016/09/19,3.0,8.0,5.5,4.6,100.6,81.9,nan,2.0,nan,320
2016/09/20,4.1,8.1,6.1,5.3,101.3,73.1,nan,1.4,nan,nan
2016/09/21,2.8,4.3,3.5,3.3,101.2,88.0,nan,2.2,nan,nan
2016/09/22,-0.4,5.4,2.5,3.4,100.0,78.9,nan,5.6,nan,nan
2016/09/23,-0.3,1.6,0.6,1.1,99.4,99.9,nan,4.1,nan,nan
2016/09/24,-0.3,1.5,0.6,0.7,100.4,100.0,nan,4.2,nan,nan
2016/09/25,-0.4,2.6,1.1,0.1,100.5,99.1,nan,1.7,nan,116
2016/09/26,0.0,2.5,1.2,1.2,100.0,92.4,nan,1.2,nan,286
2016/09/27,-0.6,0.7,0.1,-0.3,100.6,99.8,nan,2.0,nan,nan
2016/09/28,-0.8,3.1,1.2,-0.0,101.3,97.1,nan,nan,nan,nan
2016/09/29,1.8,3.6,2.7,2.7,101.5,56.1,nan,1.7,nan,117
2016/09/30,-0.9,3.7,1.4,0.9,101.5,56.7,nan,3.8,nan,196
2016/10/01,-1.5,2.0,0.2,0.3,101.2,55.8,nan,3.0,nan,128
2016/10/02,-1.1,1.6,0.2,-0.0,100.4,67.6,nan,1.2,nan,nan
2016/10/03,0.4,2.9,1.7,1.2,100.0,74.7,nan,1.3,nan,nan
2016/10/04,1.1,3.0,2.1,1.8,100.1,69.1,nan,5.4,nan,nan
2016/10/05,-1.0,1.6,0.3,-0.0,100.5,85.7,nan,1.6,nan,nan
2016/10/06,0.1,1.9,1.0,0.6,100.8,70.4,nan,3.8,nan,49
2016/10/07,-1.2,1.0,-0.1,-0.2,100.7,66.6,nan,4.0,nan,108
2016/10/08,-3.0,-0.4,-1.7,-2.0,100.7,68.9,nan,4.3,nan,nan
2016/10/09,-4.4,0.3,-2.1,-2.9,100.9,67.6,nan,2.2,nan,66
2016/10/10,-0.6,5.6,2.5,1.3,101.1,39.9,nan,0.7,nan,81
2016/10/11,2.1,5.7,3.9,3.4,101.0,30.3,nan,0.6,nan,nan
2016/10/12,-0.3,3.8,1.7,1.5,100.5,54.3,nan,0.7,nan,123
2016/10/13,-0.8,3.7,1.4,2.0,99.3,40.2,nan,4.1,nan,68
2016/10/14,-5.0,-0.7,-2.9,-3.6,98.6,62.7,nan,4.2,nan,29
2016/10/15,-6.8,-3.7,-5.3,-5.4,98.4,81.1,nan,2.4,nan,nan
2016/10/16,-6.6,-5.0,-5.8,-6.1,98.1,96.6,nan,1.4,nan,258
2016/10/17,-6.0,-0.7,-3.4,-4.1,98.4,97.9,nan,nan,nan,nan
2016/10/18,-0.7,-0.1,-0.4,-0.4,99.3,100.0,nan,7.8,nan,nan
2016/10/19,-1.5,-0.3,-0.9,-0.7,99.8,99.1,nan,6.3,nan,nan
2016/10/20,-1.2,0.8,-0.2,-0.7,99.5,98.6,nan,2.5,nan,nan
2016/10/21,-1.6,0.4,-0.6,-0.9,nan,nan,nan,nan,nan,nan
2016/10/22,-1.2,-0.2,-0.7,-0.8,99.2,96.3,nan,2.1,nan,119
2016/10/23,-1.0,0.4,-0.3,-0.4,100.2,81.4,nan,4.9,nan,nan
2016/10/24,-3.0,-0.5,-1.7,-1.8,100.2,80.8,nan,4.5,nan,51
2016/10/25,-3.7,-2.3,-3.0,-3.2,100.0,75.0,nan,8.6,nan,nan
2016/10/26,-3.9,-1.7,-2.8,-2.6,100.2,76.1,nan,3.4,nan,1
2016/10/27,-3.0,-0.2,-1.6,-1.9,99.5,90.7,nan,1.3,nan,313
2016/10/28,-1.3,2.4,0.5,-0.1,100.2,81.1,nan,0.9,nan,347
2016/10/29,-0.7,2.1,0.7,0.1,100.4,84.2,nan,1.0,nan,7
2016/10/30,-2.8,0.3,-1.2,-1.4,100.0,82.6,nan,0.7,nan,257
2016/10/31,-4.8,-1.5,-3.2,-3.0,99.6,90.4,nan,0.4,nan,126
2016/11/01,-4.2,-1.5,-2.9,-3.2,99.2,92.9,nan,0.8,nan,1
2016/11/02,-3.4,-1.1,-2.2,-2.4,99.3,94.8,nan,1.9,nan,122
2016/11/03,-1.7,0.4,-0.6,-0.5,98.4,84.6,nan,8.8,nan,nan
2016/11/04,-2.0,-0.2,-1.1,-1.1,98.7,99.7,nan,6.0,nan,nan
2016/11/05,-1.4,0.6,-0.4,-0.7,98.0,98.0,nan,9.5,nan,nan
2016/11/06,-3.4,-1.3,-2.4,-2.8,98.9,98.7,nan,2.4,nan,98
2016/11/07,-2.0,-0.9,-1.4,-1.4,99.0,97.1,nan,6.4,nan,nan
2016/11/08,-1.4,-0.3,-0.8,-0.7,98.7,99.7,nan,6.5,nan,nan
2016/11/09,-1.0,0.9,-0.1,-0.3,99.4,99.6,nan,7.4,nan,nan
2016/11/10,-0.5,2.4,0.9,1.1,99.6,90.0,nan,7.4,nan,nan
2016/11/11,-1.6,-0.5,-1.0,-1.1,98.9,99.8,nan,9.2,nan,nan
2016/11/12,-1.7,-0.6,-1.2,-1.3,99.2,99.7,nan,6.4,nan,nan
2016/11/13,-2.1,-0.2,-1.1,-1.2,98.8,99.6,nan,6.2,nan,nan
2016/11/14,-3.5,-1.1,-2.3,-2.7,99.1,99.0,nan,7.2,nan,nan
2016/11/15,-4.5,-1.9,-3.2,-3.8,99.5,98.1,nan,nan,nan,59
2016/11/16,-5.7,-2.7,-4.2,-4.4,100.1,74.5,nan,6.5,nan,12
2016/11/17,-7.5,-5.2,-6.4,-6.7,100.7,69.4,nan,4.4,nan,68
2016/11/18,-10.5,-7.1,-8.8,-9.2,100.8,73.6,nan,3.0,nan,340
2016/11/19,-11.7,-9.9,-10.8,-10.5,100.1,68.4,nan,1.6,nan,171
2016/11/20,-14.0,-10.6,-12.3,-12.7,99.6,67.6,nan,0.8,nan,80
2016/11/21,-13.9,-10.4,-12.2,-12.8,99.6,65.8,nan,0.3,nan,346
2016/11/22,-12.5,-9.3,-10.9,-11.3,99.3,72.8,nan,1.8,nan,298
2016/11/23,-11.5,-4.4,-7.9,-7.7,99.1,95.7,nan,0.9,nan,354
2016/11/24,-7.7,-5.3,-6.5,-6.9,99.1,89.0,nan,1.3,nan,nan
2016/11/25,-7.5,-5.3,-6.4,-6.5,99.3,96.3,nan,nan,nan,nan
2016/11/26,-5.3,-3.9,-4.6,-4.4,99.2,97.7,nan,5.6,nan,nan
2016/11/27,-6.1,-4.4,-5.2,-5.4,98.2,97.3,nan,4.5,nan,nan
2016/11/28,-6.0,-4.4,-5.2,-5.2,98.8,97.4,nan,nan,nan,nan
2016/11/29,-6.9,-1.6,-4.3,-4.9,98.7,97.6,nan,5.4,nan,nan
2016/11/30,-6.9,-1.6,-4.2,-4.5,98.7,97.7,nan,8.0,nan,nan
2016/12/01,-6.7,-4.0,-5.3,-5.7,99.5,97.2,nan,7.0,nan,nan
2016/12/02,-4.0,-2.7,-3.4,-3.6,98.0,98.3,nan,10.3,nan,nan
2016/12/03,-6.3,-2.4,-4.4,-3.9,98.4,98.1,nan,12.8,nan,nan
2016/12/04,-12.9,-6.4,-9.7,-9.9,99.9,93.2,nan,nan,nan,nan
2016/12/05,-16.8,-13.1,-14.9,-15.4,101.0,69.1,nan,6.2,nan,17
2016/12/06,-19.4,-16.6,-18.0,-18.5,101.4,72.2,nan,0.8,nan,nan
2016/12/07,-17.0,-14.0,-15.5,-15.4,101.3,90.3,nan,nan,nan,nan
2016/12/08,-15.6,-13.8,-14.7,-15.0,101.3,89.8,nan,nan,nan,nan
2016/12/09,-16.4,-10.8,-13.6,-13.5,100.5,56.6,nan,3.8,nan,277
2016/12/10,-20.0,-16.4,-18.2,-18.9,100.4,68.0,nan,6.3,nan,355
2016/12/11,-18.4,-12.7,-15.5,-16.3,100.8,55.2,nan,5.9,nan,95
2016/12/12,-13.1,-9.9,-11.5,-11.5,101.3,49.0,nan,2.4,nan,293
2016/12/13,-10.1,-7.6,-8.8,-8.7,101.4,25.1,nan,0.3,nan,96
2016/12/14,-14.9,-7.6,-11.3,-11.9,101.3,34.9,nan,0.5,nan,39
2016/12/15,-11.4,-8.7,-10.0,-10.5,101.2,36.7,nan,3.8,nan,230
2016/12/16,-12.5,-10.2,-11.4,-11.4,100.9,35.1,nan,0.4,nan,97
2016/12/17,-11.1,-6.1,-8.6,-9.1,100.3,94.8,nan,2.4,nan,nan
2016/12/18,-6.1,-4.5,-5.3,-5.5,98.9,97.1,nan,8.8,nan,nan
2016/12/19,-6.4,-4.5,-5.5,-5.5,98.1,97.1,nan,9.0,nan,nan
2016/12/20,-5.6,-4.6,-5.1,-5.1,98.7,97.4,nan,8.6,nan,nan
2016/12/21,-5.7,-4.9,-5.3,-5.3,98.4,97.3,nan,8.9,nan,nan
2016/12/22,-5.8,-5.3,-5.6,-5.6,99.2,97.1,nan,5.1,nan,nan
2016/12/23,-10.8,-5.9,-8.3,-8.9,100.0,94.5,nan,nan,nan,nan
2016/12/24,-13.7,-8.2,-10.9,-12.0,100.6,93.0,nan,nan,nan,nan
2016/12/25,-11.1,-10.0,-10.6,-10.4,100.0,93.5,nan,nan,nan,nan
2016/12/26,-10.4,-7.4,-8.9,-8.4,98.5,95.1,nan,1.0,nan,147
2016/12/27,-9.1,-5.3,-7.2,-7.6,98.0,95.8,nan,2.0,nan,69
2016/12/28,-5.7,-5.0,-5.4,-5.4,99.2,97.2,nan,7.4,nan,nan
2016/12/29,-6.7,-5.0,-5.9,-6.1,100.1,96.8,nan,7.8,nan,nan
2016/12/30,-8.7,-5.5,-7.1,-7.3,100.6,95.9,nan,3.7,nan,nan
2016/12/31,-9.9,-5.0,-7.4,-7.2,100.6,75.5,nan,7.4,nan,nan
2017/01/01,-5.9,-0.4,-3.2,-4.0,101.8,43.7,nan,6.2,nan,nan
2017/01/02,-0.3,5.5,2.6,2.0,101.7,36.7,nan,4.8,nan,2
2017/01/03,-0.5,5.1,2.3,2.0,101.9,28.6,nan,2.3,nan,73
2017/01/04,-1.5,1.2,-0.2,-0.1,101.7,29.1,nan,0.7,nan,54
2017/01/05,-9.3,-0.5,-4.9,-4.3,101.0,51.9,nan,6.3,nan,nan
